-- 养生商城测试数据

-- 用户表测试数据
INSERT INTO `user` (`openid`, `nickname`, `avatar`, `gender`, `phone`, `address`, `age`, `health_info`) VALUES
('o1234567890abcdef', '张三', 'https://example.com/avatar1.jpg', 1, '13800138000', '北京市朝阳区', 30, '健康状况良好'),
('o0987654321fedcba', '李四', 'https://example.com/avatar2.jpg', 2, '13900139000', '上海市浦东新区', 25, '轻度高血压'),
('oabcdef1234567890', '王五', 'https://example.com/avatar3.jpg', 1, '13700137000', '广州市天河区', 40, '糖尿病患者'),
('ofedcba0987654321', '赵六', 'https://example.com/avatar4.jpg', 2, '13600136000', '深圳市南山区', 35, '健康'),
('o1122334455667788', '孙七', 'https://example.com/avatar5.jpg', 1, '13500135000', '杭州市西湖区', 50, '高血脂');

-- 商品分类表测试数据
INSERT INTO `product_category` (`name`, `icon`, `sort`, `status`) VALUES
('养生食品', 'food.png', 1, 1),
('养生用品', 'goods.png', 2, 1),
('养生服务', 'service.png', 3, 1),
('养生知识', 'knowledge.png', 4, 1);

-- 商品表测试数据
INSERT INTO `product` (`category_id`, `name`, `description`, `price`, `original_price`, `stock`, `sales`, `main_image`, `status`) VALUES
(1, '有机蜂蜜', '纯天然有机蜂蜜，富含多种营养成分，有助于提高免疫力', 68.00, 88.00, 100, 50, 'honey.jpg', 1),
(1, '核桃粉', '精选优质核桃，研磨成粉，营养丰富，适合中老年人', 45.00, 55.00, 200, 80, 'walnut.jpg', 1),
(1, '枸杞', '宁夏特产枸杞，颗粒饱满，富含多种维生素', 38.00, 48.00, 150, 120, 'wolfberry.jpg', 1),
(1, '黑芝麻糊', '传统工艺制作，香浓可口，营养丰富', 28.00, 35.00, 180, 90, 'blacksesame.jpg', 1),
(2, '按摩器', '多功能按摩器，缓解疲劳，促进血液循环', 199.00, 299.00, 50, 20, 'massager.jpg', 1),
(2, '艾灸盒', '传统艾灸盒，方便易用，适合家庭使用', 35.00, 45.00, 150, 60, 'moxa.jpg', 1),
(2, '足浴盆', '全自动足浴盆，恒温加热，按摩穴位', 299.00, 399.00, 40, 15, 'footbath.jpg', 1),
(2, '颈椎枕', '记忆棉颈椎枕，缓解颈椎不适', 128.00, 168.00, 80, 40, 'pillow.jpg', 1),
(3, '中医推拿', '专业中医推拿服务，缓解身体不适，促进健康', 128.00, 168.00, 100, 30, 'tuina.jpg', 1),
(3, '艾灸疗法', '传统艾灸疗法，调理身体，增强免疫力', 88.00, 128.00, 120, 50, 'moxatherapy.jpg', 1),
(3, '针灸治疗', '专业针灸治疗，缓解疼痛，调理身体', 158.00, 198.00, 80, 20, 'acupuncture.jpg', 1),
(4, '养生书籍', '《黄帝内经》解读，养生知识大全，适合养生爱好者', 58.00, 78.00, 80, 40, 'book.jpg', 1),
(4, '养生茶', '多种草药配制，养生保健，适合日常饮用', 45.00, 58.00, 100, 60, 'healthtea.jpg', 1);

-- 社区帖子表测试数据
INSERT INTO `post` (`openid`, `title`, `content`, `images`, `view_count`, `like_count`, `comment_count`, `status`) VALUES
('o1234567890abcdef', '分享我的养生经验', '我坚持每天喝蜂蜜水，已经有一年了，感觉身体比以前好多了，免疫力也提高了不少。', 'honey1.jpg,honey2.jpg', 120, 25, 8, 0),
('o0987654321fedcba', '颈椎不适怎么办', '最近经常感觉颈椎不适，有没有什么好的养生方法可以缓解？', '', 85, 15, 12, 0),
('oabcdef1234567890', '糖尿病患者的饮食注意事项', '作为一名糖尿病患者，我想分享一些饮食方面的注意事项，希望对大家有所帮助。', 'food1.jpg,food2.jpg', 200, 45, 20, 2),
('ofedcba0987654321', '艾灸的好处', '我最近开始尝试艾灸，感觉效果不错，分享一下我的体验。', 'moxa1.jpg,moxa2.jpg', 150, 30, 15, 0),
('o1122334455667788', '养生茶推荐', '给大家推荐几款我经常喝的养生茶，味道不错，效果也很好。', 'tea1.jpg,tea2.jpg,tea3.jpg', 180, 40, 18, 1);

-- 订单表测试数据
INSERT INTO `order` (`order_no`, `openid`, `total_amount`, `actual_amount`, `status`, `address`, `phone`, `receiver_name`, `remark`, `payment_time`, `payment_method`) VALUES
('202412010001', 'o1234567890abcdef', 113.00, 113.00, 3, '北京市朝阳区建国路100号', '13800138000', '张三', '尽快发货', '2024-12-01 10:30:00', '微信支付'),
('202412010002', 'o0987654321fedcba', 45.00, 45.00, 2, '上海市浦东新区陆家嘴金融中心', '13900139000', '李四', '', '2024-12-01 11:20:00', '支付宝'),
('202412010003', 'oabcdef1234567890', 38.00, 38.00, 1, '广州市天河区天河路385号', '13700137000', '王五', '包装好一点', '2024-12-01 14:45:00', '微信支付'),
('202412010004', 'ofedcba0987654321', 327.00, 327.00, 0, '深圳市南山区科技园', '13600136000', '赵六', '', NULL, NULL),
('202412010005', 'o1122334455667788', 128.00, 128.00, 3, '杭州市西湖区文三路', '13500135000', '孙七', '使用后再评价', '2024-12-01 16:15:00', '微信支付');

-- 订单项表测试数据
INSERT INTO `order_item` (`order_no`, `product_id`, `product_name`, `main_image`, `price`, `quantity`, `total_price`) VALUES
('202412010001', 1, '有机蜂蜜', 'honey.jpg', 68.00, 1, 68.00),
('202412010001', 2, '核桃粉', 'walnut.jpg', 45.00, 1, 45.00),
('202412010002', 2, '核桃粉', 'walnut.jpg', 45.00, 1, 45.00),
('202412010003', 3, '枸杞', 'wolfberry.jpg', 38.00, 1, 38.00),
('202412010004', 5, '按摩器', 'massager.jpg', 199.00, 1, 199.00),
('202412010004', 6, '艾灸盒', 'moxa.jpg', 35.00, 2, 70.00),
('202412010004', 7, '足浴盆', 'footbath.jpg', 299.00, 1, 299.00),
('202412010005', 8, '颈椎枕', 'pillow.jpg', 128.00, 1, 128.00);

-- 点赞表测试数据
INSERT INTO `likes` (`openid`, `target_id`, `type`) VALUES
('o1234567890abcdef', 1, 1),
('o0987654321fedcba', 1, 1),
('oabcdef1234567890', 3, 1),
('ofedcba0987654321', 3, 1),
('o1122334455667788', 3, 1),
('o1234567890abcdef', 5, 1),
('o0987654321fedcba', 5, 1),
('oabcdef1234567890', 5, 1),
('ofedcba0987654321', 5, 1),
('o1122334455667788', 5, 1);